candidate_id,candidate_name,county_fips,latitude,longitude
HRSA-HCSD-BPS-H80-000114,Rural Health Group at Roanoke Rapids,37083,36.40458789,-77.64743342
HRSA-HCSD-BPS-H80-000250,GOSHEN MEDICAL CENTER - BEULAVILLE,37061,34.92943378,-77.7696803
HRSA-HCSD-BPS-H80-000391,CommWell Health of Salemburg,37163,35.00941248,-78.50750001
HRSA-HCSD-BPS-H80-000437,LYON PARK CLINIC,37063,35.98926421,-78.9198888
HRSA-HCSD-BPS-H80-000489,"KINSTON COMMUNITY HEALTH CENTER, INC.",37107,35.26326336,-77.58138637
HRSA-HCSD-BPS-H80-000629,AGAPE COMMUNITY HEALTH CENTER,37013,35.54652312,-77.05339998
HRSA-HCSD-BPS-H80-000848,COLERAIN PRIMARY CARE,37015,36.20134845,-76.76897594
HRSA-HCSD-BPS-H80-000857,Rural Health Group at Rich Square,37131,36.27283062,-77.28579998
HRSA-HCSD-BPS-H80-000965,LOGAN FAMILY MEDICINE,37025,35.39835043,-80.57964779
HRSA-HCSD-BPS-H80-001000,Rural Health Group Pediatrics and Dental,37083,36.40426116,-77.6482292
HRSA-HCSD-BPS-H80-001097,Contentnea Health KBR,37079,35.45364241,-77.68220214
HRSA-HCSD-BPS-H80-001105,Rural Health Group at Jackson,37131,36.41006199,-77.43642496
HRSA-HCSD-BPS-H80-001142,MCGILL FAMILY MEDICINE,37025,35.41728959,-80.59720712
HRSA-HCSD-BPS-H80-001167,The C.W. Williams Community Health Center Inc.,37119,35.22417146,-80.89610068
HRSA-HCSD-BPS-H80-001197,MedNorth Health Center,37129,34.24641634,-77.94636738
HRSA-HCSD-BPS-H80-001405,John H. Lucas Sr Wellness Center,37063,35.9525674,-78.90420953
HRSA-HCSD-BPS-H80-001441,Wilson Community Health Center,37195,35.72507756,-77.90722272
HRSA-HCSD-BPS-H80-001501,Lincoln CHC -Durham County Human Services,37063,35.99203908,-78.89646809
HRSA-HCSD-BPS-H80-001637,HEALTH CARE FOR THE HOMELESS,37063,35.9931053,-78.8953388
HRSA-HCSD-BPS-H80-001640,GOSHEN MEDICAL CENTER - COMMUNITY HEALTH SERVICES,37191,35.21173733,-78.07661562
HRSA-HCSD-BPS-H80-001642,APEX,37183,35.72876296,-78.85307489
HRSA-HCSD-BPS-H80-001819,Scott Community Health Center,37001,36.21299468,-79.39697818
HRSA-HCSD-BPS-H80-001845,"Lincoln Community Health Center, Inc.",37063,35.980571,-78.89771331
HRSA-HCSD-BPS-H80-001925,Contentnea Health Greene Dental,37079,35.45389764,-77.6814751
HRSA-HCSD-BPS-H80-001955,Kintegra Family Medicine - Hudson,37071,35.23422908,-81.20346398
HRSA-HCSD-BPS-H80-002082,Contentnea Health Bernstein,37147,35.63709313,-77.36611584
HRSA-HCSD-BPS-H80-002088,GOSHEN MEDICAL CENTER - GOLDSBORO,37191,35.40196592,-77.95342176
HRSA-HCSD-BPS-H80-002194,Comm Well Health of Newton Grove/Spivey's Corner - Dental,37163,35.24208556,-78.45155231
HRSA-HCSD-BPS-H80-002213,Kintegra Family Medicine - Statesville,37097,35.7699184,-80.88475485
HRSA-HCSD-BPS-H80-002262,Murfreesboro Primay Care,37091,36.4395442,-77.08853809
HRSA-HCSD-BPS-H80-002454,BLUE RIDGE HEALTH CENTER,37089,35.34967601,-82.43121297
HRSA-HCSD-BPS-H80-002496,Kintegra Family Medicine - 3rd Ave,37071,35.25889337,-81.18057174
HRSA-HCSD-BPS-H80-002522,GOSHEN MEDICAL CENTER - WARSAW,37061,35.00230534,-78.08129507
HRSA-HCSD-BPS-H80-002600,WALLTOWN CLINIC,37063,36.01105992,-78.91988998
HRSA-HCSD-BPS-H80-002613,APPLE VALLEY SCHOOL HLTH CTR,37089,35.36207401,-82.42176396
HRSA-HCSD-BPS-H80-002772,FUQUAY-VARINA,37183,35.58652675,-78.78113989
HRSA-HCSD-BPS-H80-002897,GOSHEN MEDICAL CENTER - FAISON DENTAL SERVICES,37061,35.15245028,-78.1067605
HRSA-HCSD-BPS-H80-003107,Siler City Community Health Center,37037,35.72448806,-79.44844248
HRSA-HCSD-BPS-H80-003127,"ANSON REGIONAL MEDICAL SERVICES, INC.",37007,34.96788199,-80.07893821
HRSA-HCSD-BPS-H80-003209,Rural Health Group at Lake Gaston,37083,36.43372242,-77.91239485
HRSA-HCSD-BPS-H80-003334,WADE FAMILY MEDICAL CENTER,37051,35.1592382,-78.73000626
HRSA-HCSD-BPS-H80-003413,SOUTHEAST RALEIGH -  ADMINISTRATION,37183,35.76742616,-78.61574633
HRSA-HCSD-BPS-H80-003568,GOSHEN MEDICAL CENTER - LAMBERTS,37191,35.19575423,-78.06667101
HRSA-HCSD-BPS-H80-003635,GOSHEN MEDICAL CENTER - INC.,37061,35.11012037,-78.1360387
HRSA-HCSD-BPS-H80-003770,JULIAN T. PIERCE HEALTH CENTER,37155,34.68468569,-79.18238956
HRSA-HCSD-BPS-H80-003957,Harvest Family Health Center,37127,35.86674916,-77.94104915
HRSA-HCSD-BPS-H80-004030,MAXTON MEDICAL CENTER,37155,34.73278428,-79.34238886
HRSA-HCSD-BPS-H80-004081,Rural Health Group Dental at Jackson,37131,36.409569,-77.436028
HRSA-HCSD-BPS-H80-004085,WINDSOR COMMUNITY HEALTH CTR,37015,35.98870476,-76.930304
HRSA-HCSD-BPS-H80-004227,Freedom Hill Community Health Center,37065,35.87515164,-77.52411166
HRSA-HCSD-BPS-H80-004319,Carrboro Community Health Center,37135,35.91345522,-79.06976511
HRSA-HCSD-BPS-H80-004338,CommWell Health of Tar Heel,37017,34.756062,-78.80300392
HRSA-HCSD-BPS-H80-004346,CASWELL FAMILY MEDICAL CENTER,37033,36.41717311,-79.35815966
HRSA-HCSD-BPS-H80-004559,Moncure Community Health Center,37037,35.63142547,-79.09618345
HRSA-HCSD-BPS-H80-004621,CommWell Health of Penderlea,37141,34.6572834,-78.04896464
HRSA-HCSD-BPS-H80-004788,GOSHEN MEDICAL CENTER - PLAINVIEW HEALTH SERVICES,37061,34.82244252,-77.92761673
HRSA-HCSD-BPS-H80-004834,LEWISTON COMMMUNITY HEALTH CTR,37015,36.1202726,-77.17868161
HRSA-HCSD-BPS-H80-004910,GOSHEN MEDICAL CENTER - CLINTON,37163,35.01620605,-78.34449998
HRSA-HCSD-BPS-H80-005011,GOSHEN MEDICAL CENTER - GARLAND,37163,34.78314078,-78.39389999
HRSA-HCSD-BPS-H80-005040,GOSHEN MEDICAL CENTER - BOLTON,37047,34.32044028,-78.40724591
HRSA-HCSD-BPS-H80-005236,"PERSON FAMILY MEDICAL CENTER, INC.",37145,36.402169,-78.97795704
HRSA-HCSD-BPS-H80-005241,Charles Drew Community Health Center,37001,36.09871146,-79.40543946
HRSA-HCSD-BPS-H80-005380,STOKES DENTAL CENTER,37089,35.35030201,-82.43089202
HRSA-HCSD-BPS-H80-005468,Rural Health Group at Twin County,37083,36.24907433,-77.95875365
HRSA-HCSD-BPS-H80-005590,STEDMAN FAMILY DENTAL CENTER,37051,35.0178673,-78.7167595
HRSA-HCSD-BPS-H80-006053,Harmony Mobile1,37079,35.44151371,-77.66052981
HRSA-HCSD-BPS-H80-007610,Rural Health Group at Scotland Neck,37083,36.1289806,-77.4291664
HRSA-HCSD-BPS-H80-007710,Piedmont Health SeniorCare Burlington Community Health Center,37001,36.10072588,-79.41744377
HRSA-HCSD-BPS-H80-007819,CommWell Health of Newton Grove/Spivey's Corner,37163,35.24304596,-78.45120002
HRSA-HCSD-BPS-H80-007821,CommWell Health of Dublin - Dental,37017,34.65141544,-78.71694876
HRSA-HCSD-BPS-H80-007823,CommWell Health of Harrells,37163,34.7256325,-78.19409998
HRSA-HCSD-BPS-H80-008055,Rural Health Group at Norlina,37185,36.44515119,-78.19231773
HRSA-HCSD-BPS-H80-008059,BRUCE DRYSDALE ELEMENTARY SCHOOL,37089,35.32158376,-82.46088759
HRSA-HCSD-BPS-H80-008118,Rural Health Group at Whitakers,37065,36.105118,-77.71257799
HRSA-HCSD-BPS-H80-008191,Rural Health Group at Henderson and Dental,37181,36.33823423,-78.42740002
HRSA-HCSD-BPS-H80-008439,Holton Wellness Center,37063,35.98956001,-78.87879996
HRSA-HCSD-BPS-H80-008576,NORTH HENDERSON HIGH SCHOOL,37089,35.36083701,-82.42221399
HRSA-HCSD-BPS-H80-008610,Minnie Jones Health Center,37021,35.58574761,-82.55192771
HRSA-HCSD-BPS-H80-008613,"Vecinos, Inc. (mobile van)",37099,35.30644357,-83.20206282
HRSA-HCSD-BPS-H80-008712,GOSHEN MEDICAL CENTER - WALLACE,37061,34.74734503,-77.96039156
HRSA-HCSD-BPS-H80-008741,Kintegra Behavioral Health - Gastonia,37071,35.25849988,-81.18024971
HRSA-HCSD-BPS-H80-008766,Kintegra Pediatric Dentistry - Gastonia,37071,35.27747785,-81.14170142
HRSA-HCSD-BPS-H80-008820,GOSHEN MEDICAL CENTER - CLINTON DENTAL SERVICES,37163,35.0163801,-78.34459998
HRSA-HCSD-BPS-H80-008898,GOSHEN MEDICAL CENTER - WARSAW WELLNESS CENTER,37061,34.998846,-78.09024182
HRSA-HCSD-BPS-H80-009334,GOSHEN MEDICAL CENTER - FREMONT,37191,35.54311654,-77.9743771
HRSA-HCSD-BPS-H80-010150,Agape Community Health Clinic - Williamston,37117,35.83807383,-77.06872965
HRSA-HCSD-BPS-H80-010157,Kintegra Family Medicine - Highland,37071,35.27128744,-81.19466407
HRSA-HCSD-BPS-H80-010660,Prospect Hill Community Health Center,37033,36.2491183,-79.18466818
HRSA-HCSD-BPS-H80-011111,GOSHEN MEDICAL CENTER - NEW RIVER,37133,34.75056967,-77.41376725
HRSA-HCSD-BPS-H80-011361,GOSHEN MEDICAL CENTER - ROSEWOOD,37191,35.42495208,-78.06165073
HRSA-HCSD-BPS-H80-011576,Bakersville Community Health Center,37121,36.01588191,-82.1572073
HRSA-HCSD-BPS-H80-011614,United Health Centers,37067,36.07832382,-80.18163823
HRSA-HCSD-BPS-H80-011640,OIC Family Medical Center,37065,35.92915528,-77.7738104
HRSA-HCSD-BPS-H80-011674,Kintegra Family Medicine - Lexington,37057,35.82656493,-80.24868977
HRSA-HCSD-BPS-H80-011720,Rural Health Group at Enfield,37083,36.17939134,-77.66618483
HRSA-HCSD-BPS-H80-011994,Sylvan Community Health Center,37001,35.87998506,-79.43654973
HRSA-HCSD-BPS-H80-012353,Ahoskie Comprehensive Care,37091,36.29623063,-76.99199483
HRSA-HCSD-BPS-H80-012507,Hendersonville Family Health Center,37089,35.31921898,-82.47001104
HRSA-HCSD-BPS-H80-012869,CommWell Health of Smithfield,37101,35.51369531,-78.33541031
HRSA-HCSD-BPS-H80-012922,TAPM Pediatrics at Wendover,37081,36.08759722,-79.77242567
HRSA-HCSD-BPS-H80-012926,Kintegra Family Medicine - Hickory,37035,35.73105759,-81.33619946
HRSA-HCSD-BPS-H80-013115,Ocracoke Health Center,37095,35.11260548,-75.97871871
HRSA-HCSD-BPS-H80-013131,Engelhard Medical Center,37095,35.50794465,-76.02399272
HRSA-HCSD-BPS-H80-013271,Rutherford Health Center,37161,35.35802669,-81.93319775
HRSA-HCSD-BPS-H80-013309,CommWell Health of McGee's Crossroads,37101,35.51707921,-78.55478794
HRSA-HCSD-BPS-H80-013478,High Country Community Health Avery Medical Site,37011,36.09046555,-81.92826206
HRSA-HCSD-BPS-H80-013479,Rural Health Group at HRMC,37083,36.43237989,-77.64621662
HRSA-HCSD-BPS-H80-013480,Senior TLC - Gastonia,37071,35.26876813,-81.14423753
HRSA-HCSD-BPS-H80-013587,Piedmont Health SeniorCare Pittsboro,37037,35.71719765,-79.1618394
HRSA-HCSD-BPS-H80-013666,GOSHEN MEDICAL CENTER - CAPE FEAR,37051,35.03653041,-78.93568903
HRSA-HCSD-BPS-H80-013743,Hertford County Student Wellness Center (HCSWC),37091,36.4267441,-77.09113699
HRSA-HCSD-BPS-H80-013911,"Gateway Community Health Centers, Inc.",37041,36.23511679,-76.65392611
HRSA-HCSD-BPS-H80-013913,"Gateway Community Health Centers, Inc",37073,36.40884925,-76.75337496
HRSA-HCSD-BPS-H80-013914,"Gateway Community Health Centers, Inc.",37073,36.44582015,-76.70581151
HRSA-HCSD-BPS-H80-013957,Mobile Area Health Clinic (MAHC),37065,35.92915528,-77.7738104
HRSA-HCSD-BPS-H80-013958,OIC Family Medical Center at Happy Hill,37127,35.94632657,-77.80090976
HRSA-HCSD-BPS-H80-013970,GOSHEN MEDICAL CENTER - FAIRVIEW,37163,35.01356295,-78.32684057
HRSA-HCSD-BPS-H80-013974,High Country Community Health Watauga Dental,37189,36.19831089,-81.65510003
HRSA-HCSD-BPS-H80-014304,Avery Dental Clinic,37011,36.08407695,-81.92911199
HRSA-HCSD-BPS-H80-014333,Contentnea Health Pamlico,37137,35.14266433,-76.77281167
HRSA-HCSD-BPS-H80-014413,CommWell Health of Shallotte - Medical,37019,33.97205062,-78.39684631
HRSA-HCSD-BPS-H80-014545,Person Family Dental Center Caswell Site,37033,36.40775306,-79.33805399
HRSA-HCSD-BPS-H80-014905,GOSHEN MEDICAL CENTER - CHADBOURN,37047,34.32307081,-78.82631441
HRSA-HCSD-BPS-H80-014956,United Health Centers @ Commons,37067,36.11468622,-80.18921083
HRSA-HCSD-BPS-H80-015110,Charlotte Community Health Clinic,37119,35.31910255,-80.7767231
HRSA-HCSD-BPS-H80-015118,Appalachian Mountain Health at May's Care Center,37021,35.59338847,-82.56136833
HRSA-HCSD-BPS-H80-015126,CCHD - Craven County Community Health Center,37049,35.1233308,-77.08210163
HRSA-HCSD-BPS-H80-015190,Kintegra Pediatric Medicine and Kintegra Family Dentistry -Statesville,37097,35.798174,-80.87637479
HRSA-HCSD-BPS-H80-015359,Northern Rowan Family Medicine,37159,35.69288242,-80.42642174
HRSA-HCSD-BPS-H80-015731,Appalachian District Health Center - Alleghany County,37005,36.49243573,-81.14592657
HRSA-HCSD-BPS-H80-015743,Appalachian District Health Center - Top Dog School Based Health Center,37009,36.46421704,-81.51022244
HRSA-HCSD-BPS-H80-015746,AppHealthCare -Ashe Health Center,37009,36.41707793,-81.47880681
HRSA-HCSD-BPS-H80-015752,Rural Health Group at GCP,37131,36.50447126,-77.64010001
HRSA-HCSD-BPS-H80-016922,Kintegra Family Dentistry - Hickory,37035,35.71297212,-81.27030337
HRSA-HCSD-BPS-H80-017158,SOUTHEAST RALEIGH - SOUTH,37183,35.76678822,-78.61599695
HRSA-HCSD-BPS-H80-017413,Appalachian Mountain Health Dental,37021,35.58331217,-82.55559295
HRSA-HCSD-BPS-H80-017414,Rural Health Group Women's Health,37083,36.43020127,-77.64202307
HRSA-HCSD-BPS-H80-017483,Creswell Primary Care,37187,35.87843918,-76.40755812
HRSA-HCSD-BPS-H80-017641,Rural Health Group at Stovall,37077,36.44769007,-78.56851582
HRSA-HCSD-BPS-H80-017662,7th Avenue Health Center,37089,35.322408,-82.45542502
HRSA-HCSD-BPS-H80-017969,Appalachian Mountain Health at Robbinsville,37075,35.31571178,-83.79954408
HRSA-HCSD-BPS-H80-017970,Appalachian Mountain Health at Leicester,37021,35.61376266,-82.63823676
HRSA-HCSD-BPS-H80-017999,OIC FMC Guardian Court,37127,35.96311762,-77.85736657
HRSA-HCSD-BPS-H80-018039,Charlotte Community Health Clinic West,37119,35.23170906,-80.92680845
HRSA-HCSD-BPS-H80-018162,Happy Teeth Mobile,37147,35.65275741,-77.37011497
HRSA-HCSD-BPS-H80-018290,Kintegra Family Medicine - Lincolnton,37109,35.4697101,-81.23571863
HRSA-HCSD-BPS-H80-018333,CommWell Health of Bolivia,37019,34.07676729,-78.14189555
HRSA-HCSD-BPS-H80-018400,Sugarloaf Elementary School,37089,35.33978498,-82.40330902
HRSA-HCSD-BPS-H80-018727,CARY at DORCAS PLAZA,37183,35.78331578,-78.79809556
HRSA-HCSD-BPS-H80-018820,OIC Family Medical Center at Community Health Plaza,37127,35.97471759,-77.81947618
HRSA-HCSD-BPS-H80-018821,Celo Health Center,37199,35.83563848,-82.17709031
HRSA-HCSD-BPS-H80-018822,United Heatlh Centers @Peters Creek Parkway,37067,36.07058196,-80.2554232
HRSA-HCSD-BPS-H80-018863,Hillandale Elementary School,37089,35.271585,-82.42748302
HRSA-HCSD-BPS-H80-018937,Carolina Family Dental Center,37127,35.86574748,-77.94081311
HRSA-HCSD-BPS-H80-019019,Craven County Community Health Center- Havelock,37049,34.9098032,-76.93464987
HRSA-HCSD-BPS-H80-019033,Family Medicine at Arlington,37081,36.05612636,-79.79016429
HRSA-HCSD-BPS-H80-019034,Kintegra Family Dentistry - Lexington,37057,35.81502682,-80.25074342
HRSA-HCSD-BPS-H80-019134,CommWell Health Mobile Dental - Unit 1,37163,35.24207898,-78.45154996
HRSA-HCSD-BPS-H80-019195,Appalachian District Health Department Dental Center,37009,36.42210116,-81.47101391
HRSA-HCSD-BPS-H80-019326,Wilkes Community Health Center (Wilkes County Health Department),37193,36.14409204,-81.15646413
HRSA-HCSD-BPS-H80-019348,Blue Ridge Health - Rainbow Pediatrics,37089,35.30282603,-82.45702856
HRSA-HCSD-BPS-H80-019436,Sylva Health Center,37099,35.38572255,-83.20510302
HRSA-HCSD-BPS-H80-019546,NC Farmworkers Project Mobile Medical Unit1,37085,35.30830918,-78.61361767
HRSA-HCSD-BPS-H80-019599,Kintegra Mobile Dentistry Unit South,37109,35.4697101,-81.23571863
HRSA-HCSD-BPS-H80-019629,Good Samaritan Clinic Mobile Unit.,37023,35.72936499,-81.6539305
HRSA-HCSD-BPS-H80-019676,Kintegra Family Medicine  - Thomasville,37057,35.87401107,-80.07628316
HRSA-HCSD-BPS-H80-019698,Catawba Valley Family Medicine - Northeast Hickory,37035,35.75000907,-81.28942743
HRSA-HCSD-BPS-H80-019762,CFMC Urgent Care,37033,36.41715714,-79.35831238
HRSA-HCSD-BPS-H80-021014,GOSHEN MEDICAL CENTER - MOBILE DENTAL,37061,35.10938256,-78.13565439
HRSA-HCSD-BPS-H80-021015,GOSHEN MEDICAL CENTER - MOBILE MEDICAL,37061,35.11012037,-78.1360387
HRSA-HCSD-BPS-H80-021030,GOSHEN MEDICAL CENTER - DUNN,37085,35.30803739,-78.63311774
HRSA-HCSD-BPS-H80-021144,Kintegra Adult and Pediatric Medicine - XRay Dr,37071,35.27685424,-81.14080992
HRSA-HCSD-BPS-H80-021392,GOSHEN MEDICAL CENTER - WHITEVILLE,37047,34.30628945,-78.71764438
HRSA-HCSD-BPS-H80-021523,GOSHEN MEDICAL CENTER - TABOR CITY,37047,34.15251551,-78.85974203
HRSA-HCSD-BPS-H80-021592,Haywood Health Center,37087,35.52608397,-82.94986468
HRSA-HCSD-BPS-H80-021608,Adult Health Clinic/Cumberland County Health Department,37051,35.07385515,-78.88205289
HRSA-HCSD-BPS-H80-021660,Morganton Office 301 E Meeting Street,37023,35.74714355,-81.68501856
HRSA-HCSD-BPS-H80-021734,Rural Health Group at Halifax Medical Specialist,37083,36.43229896,-77.65111082
HRSA-HCSD-BPS-H80-021767,Rural Health Group at Halifax Community College,37083,36.42925348,-77.61893026
HRSA-HCSD-BPS-H80-022069,GOSHEN MEDICAL CENTER - KENANSVILLE,37061,34.96146799,-77.9614398
HRSA-HCSD-BPS-H80-022242,Blue Ridge Health - Collins Dental,37149,35.25099988,-82.20471492
HRSA-HCSD-BPS-H80-023381,Rural Health Group at Drugco Express,37083,36.45138112,-77.64646439
HRSA-HCSD-BPS-H80-024429,"Black River Health Services, Inc.",37141,34.54960063,-77.92099175
HRSA-HCSD-BPS-H80-024555,Scotland Health Center,37165,34.75148057,-79.47090003
HRSA-HCSD-BPS-H80-024894,MCHP Dental Center,37121,36.01627083,-82.15718777
HRSA-HCSD-BPS-H80-024921,Catawba Valley Family Medicine - Claremont,37035,35.71455278,-81.15221677
HRSA-HCSD-BPS-H80-024940,107 S Queen,37107,35.25997745,-77.58123718
HRSA-HCSD-BPS-H80-027020,GOSHEN MEDICAL CENTER - SOUTHPORT,37019,33.94384745,-78.05643807
HRSA-HCSD-BPS-H80-027044,Kintegra at Newton-Conover Middle,37035,35.73253649,-81.22527268
HRSA-HCSD-BPS-H80-027050,Kintegra at South Newton Elementary,37035,35.65519504,-81.22869661
HRSA-HCSD-BPS-H80-027063,Kintegra at North Newton Elementary,37035,35.68992055,-81.22221094
HRSA-HCSD-BPS-H80-027067,Kintegra Family Dentistry - Lincolnton,37109,35.46796574,-81.23640519
HRSA-HCSD-BPS-H80-027194,Blue Ridge Health - Lake Lure,37161,35.41356593,-82.19685923
HRSA-HCSD-BPS-H80-027243,Polk County Middle School,37149,35.29781227,-82.17285011
HRSA-HCSD-BPS-H80-027255,Chapel Hill Community Health Center,37135,35.92954952,-79.03137164
HRSA-HCSD-BPS-H80-027435,Dr. A. J. Robinson Health Center,37155,34.61611032,-79.01735735
HRSA-HCSD-BPS-H80-027436,New Construction - New Lumberton Health Center,37155,34.61723915,-78.99064355
HRSA-HCSD-BPS-H80-027527,OIC Specialty Care Center,37065,35.94461268,-77.79296832
HRSA-HCSD-BPS-H80-027566,Person Family Behavioral Health,37145,36.40169056,-78.9787389
HRSA-HCSD-BPS-H80-027567,Person Family Dental Center Roxboro Site,37145,36.40228204,-78.97803262
HRSA-HCSD-BPS-H80-027568,Horizon at Oak City Cares,37183,35.76156093,-78.6402805
HRSA-HCSD-BPS-H80-027675,Wade Family Medical Center - Downtown,37051,35.08682564,-78.90731335
HRSA-HCSD-BPS-H80-027722,Catawba Valley Family Medicine - Maiden,37035,35.56690987,-81.19398279
HRSA-HCSD-BPS-H80-027769,GOSHEN MEDICAL CENTER - RAEFORD,37093,34.97220064,-79.22547078
HRSA-HCSD-BPS-H80-027770,Blue Ridge Health-Smoky Mountain High School,37099,35.35353906,-83.19974271
HRSA-HCSD-BPS-H80-027771,Blue Ridge Health-Fairview School,37099,35.35586659,-83.19469513
HRSA-HCSD-BPS-H80-027975,Woodington Middle School,37107,35.15762477,-77.63531948
HRSA-HCSD-BPS-H80-027996,LaGrange Elementary School,37107,35.31028756,-77.79605882
HRSA-HCSD-BPS-H80-027997,Contentnea-Savannah School,37107,35.32001098,-77.52209296
HRSA-HCSD-BPS-H80-027998,Rochelle Middle School,37107,35.26296668,-77.56275047
HRSA-HCSD-BPS-H80-027999,Southeast Elementary School,37107,35.25794299,-77.57025747
HRSA-HCSD-BPS-H80-028000,L.C. Learning Academy,37107,35.25488213,-77.69330272
HRSA-HCSD-BPS-H80-028001,Banks Elementary School,37107,35.28180996,-77.6788933
HRSA-HCSD-BPS-H80-028002,St. Pauls Health Center,37155,34.80644222,-78.97017276
HRSA-HCSD-BPS-H80-028004,Southwood Elementary School,37107,35.20724794,-77.56554533
HRSA-HCSD-BPS-H80-028005,E.B. Frink Middle School,37107,35.31508041,-77.79401967
HRSA-HCSD-BPS-H80-028010,Kintegra at Catawba Women's Center,37035,35.73035439,-81.31274304
HRSA-HCSD-BPS-H80-028011,Kintegra at Newton Conover High,37035,35.67769998,-81.22422
HRSA-HCSD-BPS-H80-028012,Kintegra Behavioral Health - Mocksville,37059,35.89318648,-80.56260545
HRSA-HCSD-BPS-H80-028013,Kintegra at Shuford Elementary,37035,35.72012612,-81.20019168
HRSA-HCSD-BPS-H80-028014,Kintegra Family Dentistry - Mocksville,37059,35.89827019,-80.57167576
HRSA-HCSD-BPS-H80-028015,Kintegra Mobile Dentistry Unit North,37097,35.798174,-80.87637479
HRSA-HCSD-BPS-H80-028017,Kintegra at Iredell County Health Department,37097,35.82004951,-80.87546569
HRSA-HCSD-BPS-H80-028018,Kintegra at A Woman's View,37035,35.7308143,-81.31893148
HRSA-HCSD-BPS-H80-028118,Northwest Elementary School,37107,35.27724978,-77.60339348
HRSA-HCSD-BPS-H80-028119,Moss Hill Elementary,37107,35.1947105,-77.753105
HRSA-HCSD-BPS-H80-028120,Northeast Elementary School,37107,35.281041,-77.56109001
HRSA-HCSD-BPS-H80-028122,Blue Ridge Health-Polk,37149,35.24945232,-82.19773175
HRSA-HCSD-BPS-H80-028123,Our House Behavioral Health Therapeutic Center,37155,34.68493783,-79.18293264
HRSA-HCSD-BPS-H80-028124,Grace Court Behavioral Health Therapeutic Center,37155,34.64285312,-78.98380308
HRSA-HCSD-BPS-H80-028232,Pink Hill Elementary School,37107,35.07865098,-77.73651403
HRSA-HCSD-BPS-H80-028297,GOSHEN MEDICAL CENTER - ROSEWOOD DENTAL SERVICES,37191,35.42445692,-78.06205667
HRSA-HCSD-BPS-H80-028298,GOSHEN MEDICAL CENTER - ROSEWOOD WELLNESS,37191,35.42445692,-78.06205667
HRSA-HCSD-BPS-H80-028369,Blue Ridge Health-IC Imagine Public Charter School,37021,35.54589795,-82.6139035
HRSA-HCSD-BPS-H80-028371,Kintegra at Viewmont Elementary,37035,35.7527997,-81.33900103
HRSA-HCSD-BPS-H80-028372,Catawba Valley Family Medicine - Taylorsville,37003,35.89307839,-81.17785316
HRSA-HCSD-BPS-H80-028373,Kintegra at Belmont Central Elementary,37071,35.24114033,-81.05069264
HRSA-HCSD-BPS-H80-028374,Kintegra at CaroMont Womens Health - Ashley,37071,35.25231505,-81.16325741
HRSA-HCSD-BPS-H80-028375,Kintegra at Longview Elementary,37035,35.72384043,-81.36091602
HRSA-HCSD-BPS-H80-028376,Kintegra at Jenkins Elementary,37035,35.78046086,-81.32103391
HRSA-HCSD-BPS-H80-028377,Kintegra at Hershal H Beam Elementary,37071,35.22315759,-81.20236067
HRSA-HCSD-BPS-H80-028378,Kintegra at Oakwood Elementary,37035,35.73729997,-81.34371166
HRSA-HCSD-BPS-H80-028379,Kintegra at North Belmont Elementary,37071,35.27272343,-81.05020565
HRSA-HCSD-BPS-H80-028380,Kintegra at Southwest Elementary,37035,35.70954992,-81.38688097
HRSA-HCSD-BPS-H80-028384,Blue Ridge Health-Lake Lure Classical Academy,37161,35.40532857,-82.19382414
HRSA-HCSD-BPS-H80-028385,Kintegra at Tryon Elementary,37071,35.3412801,-81.32308614
HRSA-HCSD-BPS-H80-028386,Blue Ridge Health - Brevard,37175,35.23667018,-82.73256158
HRSA-HCSD-BPS-H80-028393,CRCHC Patterson Farm Migrant Clinic,37159,35.61533355,-80.65283538
HRSA-HCSD-BPS-H80-028394,Kintegra at  Woodhill Elementary,37071,35.27863431,-81.18040687
HRSA-HCSD-BPS-H80-028395,Kintegra at CaroMont Womens Health - Summit,37071,35.2738886,-81.14403947
HRSA-HCSD-BPS-H80-029596,Blue Ride Health Mobile Dental Bus,37089,35.34967601,-82.43121297
HRSA-HCSD-BPS-H80-029784,Carolina Family Mobile Unit,37195,35.72507756,-77.90722272
HRSA-HCSD-BPS-H80-029798,China Grove Family Medicine,37159,35.56011425,-80.58508706
HRSA-HCSD-BPS-H80-029825,CRCHC Homeless Clinic at Rowan Helping Ministries,37159,35.66629582,-80.46467063
HRSA-HCSD-BPS-H80-029950,Woodland Primary Care,37131,36.33094901,-77.21342636
HRSA-HCSD-BPS-H80-030032,Eastern Burke HCCH,37023,35.74484858,-81.52338697
HRSA-HCSD-BPS-H80-030206,Blue Ridge Health--Swain County Middle School,37173,35.42338998,-83.44875003
HRSA-HCSD-BPS-H80-030230,CommWell Health of Ocean Isle Beach - Dental,37019,33.90563079,-78.44291535
HRSA-HCSD-BPS-H80-030341,Blue Ridge Health-Edneyville Elementary School,37089,35.37349599,-82.36821752
HRSA-HCSD-BPS-H80-030342,Kintegra at Maiden High,37035,35.58030101,-81.2239921
HRSA-HCSD-BPS-H80-030343,Kintegra at Fred T Foard HIgh,37035,35.61715934,-81.37156103
HRSA-HCSD-BPS-H80-030344,Kintegra at North Davie Middle,37059,35.96598448,-80.53484476
HRSA-HCSD-BPS-H80-030345,Kintegra at St Stephens HIgh,37035,35.77206517,-81.26884819
HRSA-HCSD-BPS-H80-030949,CRCHC Mobile Unit,37025,35.41728959,-80.59720712
HRSA-HCSD-BPS-H80-030950,Senior TLC - Charlotte,37119,35.24946939,-80.75188894
HRSA-HCSD-BPS-H80-031022,Kintegra Family Medicine - Boiling Springs,37045,35.24999711,-81.67515365
HRSA-HCSD-BPS-H80-031285,High Country Community Health Watauga Center,37189,36.20321958,-81.656
HRSA-HCSD-BPS-H80-031331,"C.W. Williams Community Health Center, Inc.",37119,35.19929901,-80.8830203
HRSA-HCSD-BPS-H80-031352,Red Springs Health Center,37155,34.81243947,-79.16881825
HRSA-HCSD-BPS-H80-031380,Blue Ridge Health - Rosman High School,37175,35.14322001,-82.82055002
HRSA-HCSD-BPS-H80-031381,Blue Ridge Health - Rosman Middle School,37175,35.14318191,-82.82082973
HRSA-HCSD-BPS-H80-031431,Kintegra at Discovery High,37035,35.67982828,-81.222336
HRSA-HCSD-BPS-H80-031432,Kintegra at Hickory High,37035,35.74933776,-81.33231571
HRSA-HCSD-BPS-H80-031433,Kintegra at Bandys High,37035,35.64273799,-81.08487503
HRSA-HCSD-BPS-H80-031434,Kintegra at Bunker Hill High,37035,35.75371354,-81.11933565
HRSA-HCSD-BPS-H80-031435,Kintegra at William Ellis Middle,37059,35.92936244,-80.4077596
HRSA-HCSD-BPS-H80-031436,Kintegra at Grandview Middle,37035,35.70374164,-81.33011277
HRSA-HCSD-BPS-H80-031437,Kintegra at Northview Middle,37035,35.76735127,-81.3245347
HRSA-HCSD-BPS-H80-031439,Kintegra at Davie County High,37059,35.9713222,-80.53570122
HRSA-HCSD-BPS-H80-031440,Kintegra at Hickory Career & Arts Magnet,37035,35.74364109,-81.33117049
HRSA-HCSD-BPS-H80-031442,Blue Ridge Health - Rosman Elementary,37175,35.14391562,-82.82723065
HRSA-HCSD-BPS-H80-031445,Advance Community Health - Mobile Services,37183,35.78203825,-78.79891565
HRSA-HCSD-BPS-H80-031558,Kintegra Mobile Health,37057,35.82656493,-80.24868977
HRSA-HCSD-BPS-H80-032012,Salisbury Health Center,37159,35.65656313,-80.50019447
HRSA-HCSD-BPS-H80-032093,GOSHEN MEDICAL CENTER - NEW BERN,37049,35.09450087,-77.1174073
HRSA-HCSD-BPS-H80-032141,WNCCHS  -  Medical/Dental Mobile Unit,37021,35.58574761,-82.55192771
HRSA-HCSD-BPS-H80-032369,CWWCHC Medical Mobile Unit,37119,35.22417146,-80.89610068
HRSA-HCSD-BPS-H80-032421,High Country Community Health Mobile Unit,37189,36.20321958,-81.656
HRSA-HCSD-BPS-H80-032511,Wilkes Health School Based Health Mobile Van,37193,36.14409204,-81.15646413
HRSA-HCSD-BPS-H80-032522,MedNorth Health Center at Calhoun Drive,37129,34.18908416,-77.94084924
HRSA-HCSD-BPS-H80-032534,OIC Sunset Avenue,37127,35.95873719,-77.82507579
HRSA-HCSD-BPS-H80-032586,Mobile Area Health Center #2,37065,35.92915528,-77.7738104
HRSA-HCSD-BPS-H80-032588,Blue Ridge Health - Highlands Cashier,37113,35.08647477,-83.18454934
HRSA-HCSD-BPS-H80-032689,"Appalachian District Local Health Department, dba AppHealthCare",37005,36.49243573,-81.14592657
HRSA-HCSD-BPS-H80-032835,GOSHEN MEDICAL CENTER - WHITEVILLE MOBILE UNIT,37047,34.30628945,-78.71764438
HRSA-HCSD-BPS-H80-032836,GOSHEN MEDICAL CENTER - CLINTON MOBILE UNIT,37163,35.01589705,-78.34501631
HRSA-HCSD-BPS-H80-032837,GOSHEN MEDICAL CENTER - MOUNT OLIVE MOBILE UNIT,37191,35.21173733,-78.07661562
HRSA-HCSD-BPS-H80-032838,GOSHEN MEDICAL CENTER - DUNN MOBILE UNIT,37085,35.30803739,-78.63311774
HRSA-HCSD-BPS-H80-032839,GOSHEN MEDICAL CENTER -  ROCKINGHAM MOBILE UNIT,37153,34.92793152,-79.75909074
HRSA-HCSD-BPS-H80-032841,GOSHEN MEDICAL CENTER - RAEFORD MOBILE UNIT,37093,34.97220064,-79.22547078
HRSA-HCSD-BPS-H80-032843,Kintegra at Catawba Rosenwald Education Center,37035,35.70238142,-81.07554784
HRSA-HCSD-BPS-H80-032844,Kintegra at Davie County Early College,37059,35.87093014,-80.55376699
HRSA-HCSD-BPS-H80-032845,Kintegra at Cornatzer Elementary,37059,35.89560617,-80.49647357
HRSA-HCSD-BPS-H80-032846,Kintegra at Challenger High School,37035,35.6999637,-81.28797091
HRSA-HCSD-BPS-H80-032847,Kintegra at South Davie Middle,37059,35.88693651,-80.56793324
HRSA-HCSD-BPS-H80-032848,Kintegra at William R. Davie Elementary,37059,35.98086429,-80.62255383
HRSA-HCSD-BPS-H80-032912,Blue Ridge Health - Arden,37021,35.45062073,-82.52710781
HRSA-HCSD-BPS-H80-033094,Mobile Unit 1,37107,35.26326336,-77.58138637
HRSA-HCSD-BPS-H80-033394,Blue Ridge Health-Meridian Macon,37113,35.17763912,-83.36742185
HRSA-HCSD-BPS-H80-033395,Blue Ridge Health-Meridian 69 North Broad,37175,35.23471028,-82.73380906
HRSA-HCSD-BPS-H80-033396,Blue Ridge Health-Meridian Broadview,37087,35.49551299,-82.972915
HRSA-HCSD-BPS-H80-033397,Blue Ridge Health-Meridian East,37087,35.49598657,-82.97255341
HRSA-HCSD-BPS-H80-033399,Blue Ridge Health - Swain,37173,35.42433161,-83.45225635
HRSA-HCSD-BPS-H80-033400,Blue Ridge Health-Meridian Walnut,37087,35.49551257,-82.98580427
HRSA-HCSD-BPS-H80-033402,Kintegra Family Medicine - Mocksville,37059,35.95630937,-80.52959492
HRSA-HCSD-BPS-H80-033403,Kintegra at Catawba Valley Community College,37035,35.6999637,-81.28797091
HRSA-HCSD-BPS-H80-033404,Kintegra at Cleveland County Public Health,37045,35.28244581,-81.49590917
HRSA-HCSD-BPS-H80-033458,Ocracoke Health Center Pharmacy,37095,35.11286425,-75.97872321
HRSA-HCSD-BPS-H80-033569,High Country Community Health Primedical,37189,36.21436366,-81.66884903
HRSA-HCSD-BPS-H80-033592,Blue Ridge Health Mobile Dental Bus 3,37089,35.34967601,-82.43121297
HRSA-HCSD-BPS-H80-033594,CommWell Health Mobile Health Care  -  Unit 2,37101,35.44658799,-78.42376697
HRSA-HCSD-BPS-H80-033599,Kintegra at Cleveland Community College,37045,35.28040159,-81.4922415
HRSA-HCSD-BPS-H80-033754,Contentnea Health Greene,37079,35.44151371,-77.66052981
HRSA-HCSD-BPS-H80-033915,RHCC Mobile Unit,37155,34.68468569,-79.18238956
HRSA-HCSD-BPS-H80-033916,Kintegra Behavioral Health - Hickory,37035,35.74450107,-81.33474277
HRSA-HCSD-BPS-H80-033964,CommWell Health of Newton Grove / Spivey's Corner - Medical,37163,35.24123744,-78.45140001
HRSA-HCSD-BPS-H80-034063,GOSHEN MEDICAL CENTER - ELIZABETHTOWN,37017,34.62059104,-78.60547867
HRSA-HCSD-BPS-H80-034086,Family Medicine at Elm,37081,35.96316514,-80.01215808
HRSA-HCSD-BPS-H80-034187,GOSHEN MEDICAL CENTER - ELIZABETHTOWN MOBILE UNIT,37017,34.62059104,-78.60547867
HRSA-HCSD-BPS-H80-034212,CFMC at North Village Pharmacy,37033,36.41662015,-79.3537833
HRSA-HCSD-BPS-H80-034234,Kintegra Mobile Dentistry Unit East,37057,35.82656493,-80.24868977
HRSA-HCSD-BPS-H80-034291,Hominy Valley Health Center,37021,35.5443745,-82.70729635
HRSA-HCSD-BPS-H80-034317,Kintegra Family Medicine - Fallston,37045,35.43347794,-81.50222778
HRSA-HCSD-BPS-H80-034321,Burke Dental,37023,35.72936499,-81.6539305
HRSA-HCSD-BPS-H80-034340,Kintegra Family Medicine - Kings Mountain West,37045,35.24037184,-81.35962847
HRSA-HCSD-BPS-H80-034365,GOSHEN MEDICAL CENTER - NEW RIVER MOBILE UNIT,37133,34.75056967,-77.41376725
HRSA-HCSD-BPS-H80-034366,GOSHEN MEDICAL CENTER - NEW BERN MOBILE UNIT,37049,35.09416379,-77.12897501
HRSA-HCSD-BPS-H80-034367,Blue Ridge Health - Asheville Middle School,37021,35.58554423,-82.56177754
HRSA-HCSD-BPS-H80-034373,Blue Ridge Health - Erwin Middle School,37021,35.61821001,-82.62958998
HRSA-HCSD-BPS-H80-034745,Blue Ridge Health-Brevard Middle School,37175,35.24549322,-82.72936112
HRSA-HCSD-BPS-H80-034746,Blue Ridge Health-Pisgah Forest Elementary School,37175,35.25661253,-82.70219453
HRSA-HCSD-BPS-H80-034772,Appalachian Mountain Health at Sylva,37099,35.38778031,-83.2017164
HRSA-HCSD-BPS-H80-034790,Charlotte Community Health Clinic - Express Care,37119,35.21556208,-80.78347246
HRSA-HCSD-BPS-H80-034793,Ophelia Garmon-Brown Medical Clinic,37119,35.23294744,-80.76988824
HRSA-HCSD-BPS-H80-034794,Dave Cathcart Pediatric Clinic,37119,35.19034018,-80.79902592
HRSA-HCSD-BPS-H80-034814,Lakewood,37063,35.98726089,-78.92651017
HRSA-HCSD-BPS-H80-034873,Blue Ridge Health - Brevard Elementary School,37175,35.22451353,-82.723502
HRSA-HCSD-BPS-H80-034874,Blue Ridge Health - Brevard High School,37175,35.21809446,-82.73614518
HRSA-HCSD-BPS-H80-034875,Blue Ridge Health- Davidson River School,37175,35.25849184,-82.70392757
HRSA-HCSD-BPS-H80-034901,Blue Ridge Health - Meridian Bonnie Lane,37099,35.35060615,-83.20752715
HRSA-HCSD-BPS-H80-034902,GOSHEN MEDICAL CENTER -  ALBEMARLE,37167,35.36447815,-80.19230462
HRSA-HCSD-BPS-H80-035101,Appalachian Mountain Health Mobile Primary Care,37021,35.61376266,-82.63823676
HRSA-HCSD-BPS-H80-035150,Agape Health Services- Plymouth,37187,35.86707362,-76.74967745
HRSA-HCSD-BPS-H80-035157,Piedmont Health Services,37037,35.63142547,-79.09618345
HRSA-HCSD-BPS-H80-035164,Pardee BlueMD 1824 Pisgah Drive,37089,35.32310101,-82.49037697
HRSA-HCSD-BPS-H80-035177,"Vecinos, Inc",37099,35.30644357,-83.20206282
HRSA-HCSD-BPS-H80-035327,Burnsville Health Center,37199,35.91185943,-82.29105866
HRSA-HCSD-BPS-H80-035365,Pardee BlueMD 611B Fifth Avenue West,37089,35.31715099,-82.46726303
HRSA-HCSD-BPS-H80-035366,Pardee BlueMD 3334 Boylston Highway Suite 20,37089,35.40050097,-82.57151102
HRSA-HCSD-BPS-H80-035367,Pardee BlueMD 643 Fifth Avenue West,37089,35.317016,-82.46820901
HRSA-HCSD-BPS-H80-035368,Pardee BlueMD 1409 Asheville Highway,37175,35.26131951,-82.71642332
HRSA-HCSD-BPS-H80-035369,Pardee BlueMD 156 Cross Road Drive,37089,35.38581601,-82.56810202
HRSA-HCSD-BPS-H80-035370,Pardee BlueMD 712 Fleming Street,37089,35.320633,-82.46591597
HRSA-HCSD-BPS-H80-035376,Appalachian Mountain Health at Asheville High School,37021,35.57236398,-82.55197096
HRSA-HCSD-BPS-H80-035383,Appalachian Mountain Health Dental Mobile Van,37021,35.61376266,-82.63823676
HRSA-HCSD-BPS-H80-035415,Pardee BlueMD 2775 Hendersonville Road,37089,35.44345198,-82.50712501
HRSA-HCSD-BPS-H80-035416,Pardee BlueMD 6503 Brevard Road,37089,35.31839101,-82.592273
HRSA-HCSD-BPS-H80-035417,Pardee BlueMD 805 Fairview Road Suite 200,37021,35.57125476,-82.50237952
HRSA-HCSD-BPS-H80-035418,Pardee BlueMD 2695 Hendersonville Road Suite 200,37021,35.44485495,-82.50729648
HRSA-HCSD-BPS-H80-035419,Pardee BlueMD 2695 Hendersonville Road Suite 202,37021,35.44485495,-82.50729648
HRSA-HCSD-BPS-H80-035435,Kintegra at Arndt Middle School,37035,35.76820783,-81.26760793
HRSA-HCSD-BPS-H80-035437,Kintegra at Maiden Middle School,37035,35.58099998,-81.21778521
HRSA-HCSD-BPS-H80-035438,Kintegra at Riverbend Middle School,37035,35.75310849,-81.11644465
HRSA-HCSD-BPS-H80-035441,Kintegra at Jacob's Fork Middle School,37035,35.6138523,-81.37109257
HRSA-HCSD-BPS-H80-035442,Kintegra at Piedmont Elementary,37071,35.26024835,-81.18055657
HRSA-HCSD-BPS-H80-035443,Kintegra at St James Elementary,37109,35.48534268,-81.01632047
HRSA-HCSD-BPS-H80-035444,Kintegra at S Ray Lowder Elementary,37109,35.46307653,-81.24536369
HRSA-HCSD-BPS-H80-035445,Kintegra at Norris S Childers Elementary,37109,35.48151475,-81.31750664
HRSA-HCSD-BPS-H80-035446,Kintegra at Piedmont Middle School,37071,35.23650288,-81.11500958
HRSA-HCSD-BPS-H80-035447,Kintegra at Pinebrook Elementary,37059,35.97107854,-80.51570141
HRSA-HCSD-BPS-H80-035448,Kintegra at Battleground Elementary,37109,35.47887407,-81.26411174
HRSA-HCSD-BPS-H80-035449,Kintegra at Catawba Springs Elementary,37109,35.45576395,-81.02137006
HRSA-HCSD-BPS-H80-035450,Kintegra at Piedmont High,37071,35.22828375,-81.15345117
HRSA-HCSD-BPS-H80-035451,Kintegra at Love Memorial Elementary,37109,35.44931743,-81.2761629
HRSA-HCSD-BPS-H80-035452,Kintegra at Mill Creek Middle School,37035,35.65060234,-81.08884011
HRSA-HCSD-BPS-H80-035453,Kintegra at Central Davie Academy,37059,35.9070115,-80.55261766
HRSA-HCSD-BPS-H80-035454,Kintegra at G E Massey Elementary,37109,35.47794712,-81.23703953
HRSA-HCSD-BPS-H80-035493,"Gateway Community Health Centers, Inc. Mobile Primary Care Clinic",37073,36.40884925,-76.75337496
HRSA-HCSD-BPS-H80-035495,GOSHEN MEDICAL CENTER -  SANFORD MOBILE UNIT,37105,35.45563739,-79.13897298
HRSA-HCSD-BPS-H80-035496,GOSHEN MEDICAL CENTER - SANFORD,37105,35.45563739,-79.13897298
HRSA-HCSD-BPS-H80-035562,Family Medicine at Northwood,37081,36.09026635,-79.79153322
HRSA-HCSD-BPS-H80-035664,Piedmont Health Mobile Unit,37135,35.91345522,-79.06976511
HRSA-HCSD-BPS-H80-035743,St. Augustine University CarePlex,37183,35.78463693,-78.62064229
HRSA-HCSD-BPS-H80-035808,Kintegra Mobile Podiatry,37071,35.27685424,-81.14080992
HRSA-HCSD-BPS-H80-035856,Cane River School Based Health Center,37199,35.91175302,-82.37756745
HRSA-HCSD-BPS-H80-035857,East Yancey School Based Health Center,37199,35.82602701,-82.28033947
HRSA-HCSD-BPS-H80-035862,Kintegra at Cooleemee Elementary,37059,35.81538683,-80.55258514
HRSA-HCSD-BPS-H80-035863,Kintegra at Mocksville Elementary,37059,35.90603309,-80.55852875
HRSA-HCSD-BPS-H80-035864,Kintegra at Pleasant Ridge Elementary,37071,35.250014,-81.20576003
HRSA-HCSD-BPS-H80-035865,Kintegra at Carr Elementary,37071,35.3128911,-81.18344497
HRSA-HCSD-BPS-H80-035866,Kintegra at Shady Grove Elementary,37059,35.94624334,-80.41519409
HRSA-HCSD-BPS-H80-035867,Kintegra at Belmont Middle School (BMS),37071,35.21944445,-81.03589054
HRSA-HCSD-BPS-H80-035875,GOSHEN MEDICAL CENTER - HAMPSTEAD MOBILE UNIT,37141,34.41120607,-77.6492331
HRSA-HCSD-BPS-H80-035884,Kintegra at North Gaston High School,37071,35.33452982,-81.17753741
HRSA-HCSD-BPS-H80-035901,Kintegra at Holbrook Middle School,37071,35.265495,-81.10582386
HRSA-HCSD-BPS-H80-035908,"C.W. Williams Community Health Center, Inc.",37119,35.16102698,-80.87897008
HRSA-HCSD-BPS-H80-035972,Kintegra Mobile Chiropractic,37097,35.7699184,-80.88475485
HRSA-HCSD-BPS-H80-036094,Kintegra at Burns Middle School,37045,35.42476,-81.53865
HRSA-HCSD-BPS-H80-036119,Kintegra Family Dentistry - Randolph HD,37151,35.6756856,-79.82358026
HRSA-HCSD-BPS-H80-036157,GOSHEN MEDICAL CENTER - MOREHEAD CITY,37031,34.72733516,-76.75619195
HRSA-HCSD-BPS-H80-036177,Kintegra at Kings Mountain Intermediate,37045,35.2319,-81.37846998
HRSA-HCSD-BPS-H80-036178,Kintegra at Washington Elementary,37045,35.33537757,-81.42161265
HRSA-HCSD-BPS-H80-036220,GOSHEN MEDICAL CENTER - DUPLIN,37061,34.96399757,-77.9619599
HRSA-HCSD-BPS-H80-036333,East McDowell Middle School,37111,35.68710666,-81.99613469
HRSA-HCSD-BPS-H80-036334,West McDowell Middle School,37111,35.69879339,-82.03832823
HRSA-HCSD-BPS-H80-036342,CommWell Health of Newton Grove/Spivey's Corner - Behavioral Health,37163,35.24234108,-78.4517
HRSA-HCSD-BPS-H80-036364,Blue Ridge Health - Swain County High School,37173,35.44724781,-83.45674729
HRSA-HCSD-BPS-H80-036371,McDowell County Health Center,37111,35.66478624,-82.02564301
HRSA-HCSD-BPS-H80-036442,Kintegra Mobile Dentistry Unit - Randolph,37057,35.87401107,-80.07628316
HRSA-HCSD-BPS-H80-036450,GOSHEN MEDICAL CENTER - STAR,37123,35.39491779,-79.78450089
HRSA-HCSD-BPS-H80-036474,Kinston Community Health Center Pharmacy,37107,35.26325695,-77.58113827
HRSA-HCSD-BPS-H80-036589,Kintegra Family Medicine - Asheboro,37151,35.74869449,-79.8065116
HRSA-HCSD-BPS-H80-036590,Kintegra Family Dentistry - Asheboro,37151,35.7118948,-79.80743596
HRSA-HCSD-BPS-H80-036591,Kintegra Family Medicine - Asheboro White Oak,37151,35.71267628,-79.8148086
HRSA-HCSD-BPS-H80-036598,Kintegra Family Medicine - Shelby Marketplace,37045,35.27015018,-81.49918037
HRSA-HCSD-BPS-H80-036599,Kintegra Family Medicine - Shelby - Dixon Blvd,37045,35.27019574,-81.49937349
HRSA-HCSD-BPS-H80-036642,"Kinston Community Health Center, Inc Site 2",37107,35.25877628,-77.57853477
HRSA-HCSD-BPS-H80-036708,CommWell Health Discount Pharmacy,37163,35.24245447,-78.45016149
HRSA-HCSD-BPS-H80-036714,Appalachian Mountain Health at Asheville,37021,35.58116385,-82.55441295
HRSA-HCSD-BPS-H80-036731,Kintegra Behavioral Health - Riverwood,37071,35.21557,-81.17007274
HRSA-HCSD-BPS-H80-036732,Kintegra Mobile Dentistry Unit - 5,37071,35.25889337,-81.18057174
HRSA-HCSD-BPS-H80-036733,Good Samaritan Clinic,37023,35.72936499,-81.6539305
HRSA-HCSD-BPS-H80-036734,Piedmont Health Services,37033,36.2491183,-79.18466818
HRSA-HCSD-BPS-H80-036736,James Austin Health Center,37157,36.49211068,-79.74643926
HRSA-HCSD-BPS-H80-036936,Manteo Community Health Center,37055,35.90862221,-75.6735
HRSA-HCSD-BPS-H80-037140,Kintegra at Page Primary,37071,35.2347343,-81.03147696
HRSA-HCSD-BPS-H80-037141,Kintegra at Warlick Academy,37071,35.28220525,-81.13349319
HRSA-HCSD-BPS-H80-037142,Kintegra at Costner Elementary,37071,35.32757804,-81.22721334
HRSA-HCSD-BPS-H80-037143,Kintegra at W C Friday Middle,37071,35.33399041,-81.18337146
HRSA-HCSD-BPS-H80-037144,Kintegra at New Hope Elementary,37071,35.21041119,-81.08376529
HRSA-HCSD-BPS-H80-037145,Kintegra at Turning Point Academy,37045,35.29309472,-81.54550992
HRSA-HCSD-BPS-H80-037146,Kintegra at Stuart Cramer High,37071,35.24544151,-81.05906818
HRSA-HCSD-BPS-H80-037192,Kintegra at Rock Springs Elementary,37109,35.52950584,-81.02573326
HRSA-HCSD-BPS-H80-037193,Kintegra at Yadkinville Elementary,37197,36.13687942,-80.66110002
HRSA-HCSD-BPS-H80-037195,Kintegra at Union Elementary,37109,35.51762571,-81.36832009
HRSA-HCSD-BPS-H80-037196,Kintegra at Starmount Middle,37197,36.18679436,-80.7692
HRSA-HCSD-BPS-H80-037197,Kintegra at North Brook Elementary,37109,35.49474001,-81.45393997
HRSA-HCSD-BPS-H80-037198,Kintegra at Jonesville Elementary,37197,36.23244824,-80.84440001
HRSA-HCSD-BPS-H80-037199,Kintegra at Iron Station Elementary,37109,35.45934064,-81.1674093
HRSA-HCSD-BPS-H80-037201,ARMS Union,37179,34.968833,-80.52562098
HRSA-HCSD-BPS-H80-037252,GOSHEN MEDICAL CENTER - JACKSONVILLE,37133,34.76589015,-77.38569173
HRSA-HCSD-BPS-H80-037360,Compassion Health Care Mobile Unit,37033,36.41671872,-79.35809873
HRSA-HCSD-BPS-H80-037383,Mattamuskeet Elementary School,37095,35.44094056,-76.21713205
HRSA-HCSD-BPS-H80-037403,Ocracoke School,37095,35.11167484,-75.9789405
HRSA-HCSD-BPS-H80-037408,Mattamuskeet Early College High,37095,35.44214034,-76.21895462
HRSA-HCSD-BPS-H80-037464,Mobile Area Health Center #3,37065,35.92915528,-77.7738104
HRSA-HCSD-BPS-H80-037471,Kintegra at West Lincoln Middle,37109,35.48213204,-81.38759176
HRSA-HCSD-BPS-H80-037472,Kintegra at Claremont Elementary,37035,35.71657311,-81.14293373
HRSA-HCSD-BPS-H80-037473,Kintegra at St. Stephens Elementary,37035,35.73295232,-81.27343108
HRSA-HCSD-BPS-H80-037474,Kintegra at Webb A. Murray Elementary,37035,35.73955093,-81.25114871
HRSA-HCSD-BPS-H80-037475,Kintegra at Mitchell Community College,37097,35.78296189,-80.89413051
HRSA-HCSD-BPS-H80-037476,Kintegra at Balls Creek Elementary,37035,35.63012007,-81.12808594
HRSA-HCSD-BPS-H80-037477,Kintegra at Oxford Elementary,37035,35.77342144,-81.15622868
HRSA-HCSD-BPS-H80-037494,McDowell High School,37111,35.69652012,-82.03627538
HRSA-HCSD-BPS-H80-037555,Kintegra at South Point High,37071,35.2230379,-81.03843587
HRSA-HCSD-BPS-H80-037556,Kintegra at McAdenville Elementary,37071,35.25339497,-81.07727141
HRSA-HCSD-BPS-H80-037660,Arms 19ft Mobile,37007,34.96788199,-80.07893821
HRSA-HCSD-BPS-H80-037661,Appalachian Mountain Health at Murphy,37039,35.07113518,-83.96486622
HRSA-HCSD-BPS-H80-037663,Sugar Creek Health Center,37119,35.26929569,-80.79500671
HRSA-HCSD-BPS-H80-037736,South Robeson Medical Center - New Construction,37155,34.49584338,-79.11293325
HRSA-HCSD-BPS-H80-037805,Spruce Pine Health Center,37121,35.89606541,-82.06840003
HRSA-HCSD-BPS-H80-037829,Pleasant Gardens Elementary,37111,35.69189981,-82.07056599
HRSA-HCSD-BPS-H80-037830,Community Care Cruiser,37079,35.44151371,-77.66052981
HRSA-HCSD-BPS-H80-037833,Blue Ridge Health - Polk Central Elementary,37149,35.33747979,-82.18204029
HRSA-HCSD-BPS-H80-037834,Blue Ridge Health - Sunnyview Elementary School,37149,35.37135894,-82.18289699
HRSA-HCSD-BPS-H80-037835,Blue Ridge Health - Tryon Elementary School,37149,35.2144143,-82.24340737
HRSA-HCSD-BPS-H80-037849,Kintegra at Brookside Elementary,37071,35.29373296,-81.15122829
HRSA-HCSD-BPS-H80-037855,West Marion Elementary School,37111,35.62183313,-82.06014553
HRSA-HCSD-BPS-H80-037877,High Country Community Health at the Hospitality House,37189,36.21379423,-81.63719997
HRSA-HCSD-BPS-H80-037947,Kintegra at Bessemer City Central Elementary,37071,35.30076173,-81.27521592
HRSA-HCSD-BPS-H80-038033,Marion Elementary School,37111,35.69112092,-82.0064969
HRSA-HCSD-BPS-H80-038086,High Country Community Health Surry County,37171,36.27575427,-80.8439763
HRSA-HCSD-BPS-H80-038166,Pardee BlueMD 1027 Fleming Street,37089,35.32379403,-82.46600155
HRSA-HCSD-BPS-H80-038234,CommWell Health Mobile Health Care  -  Unit 3,37101,35.44658799,-78.42376697
HRSA-HCSD-BPS-H80-038251,CommWell Health of Four Oaks,37101,35.44411925,-78.41789197
HRSA-HCSD-BPS-H80-038273,Kintegra at Bessemer City Primary,37071,35.30041036,-81.27575789
HRSA-HCSD-BPS-H80-038274,Kintegra at Bessemer City High,37071,35.2974456,-81.28125575
HRSA-HCSD-BPS-H80-038275,Kintegra at Bessemer City Middle,37071,35.27285628,-81.30031645
HRSA-HCSD-BPS-H80-038326,Appalachian Mountain Health Mobile Dental Van,37021,35.61376266,-82.63823676
HRSA-HCSD-BPS-H80-038349,Charlotte Community Health Clinic Novant Mobile Health Unit,37119,35.23170906,-80.92680845
HRSA-HCSD-BPS-H80-038376,Kintegra Family Medicine and Dentistry - Bessemer City,37071,35.2835469,-81.27907025
HRSA-HCSD-BPS-H80-038423,Blue Ridge Health - Brevard,37175,35.23667018,-82.73256158
HRSA-HCSD-BPS-H80-038424,CRCHC Mobile Dental Unit,37025,35.41728959,-80.59720712
HRSA-HCSD-BPS-H80-038447,Kintegra Mobile Optometry,37097,35.7699184,-80.88475485
HRSA-HCSD-BPS-H80-038483,Senior TLC - Shelby,37045,35.31683701,-81.51907197
HRSA-HCSD-BPS-H80-038490,Charlotte Community Health Clinic: Atrium Mobile Health Unit,37119,35.23170906,-80.92680845
HRSA-HCSD-BPS-H80-038516,Kintegra at Clover Garden School,37001,36.21521903,-79.45467811
HRSA-HCSD-BPS-H80-038601,CarePlex at Beacon Point,37183,35.76002876,-78.61483128
HRSA-HCSD-BPS-H80-038626,Blue Ridge Health - Enka Middle School,37021,35.55241941,-82.66439031
HRSA-HCSD-BPS-H80-038627,Kintegra at James Love Elementary,37045,35.26592717,-81.56705761
HRSA-HCSD-BPS-H80-038664,Agape Health Services- Aurora,37013,35.30152247,-76.78639999
HRSA-HCSD-BPS-H80-038697,Claxton Elementary School,37021,35.6075994,-82.55378506
HRSA-HCSD-BPS-H80-038698,Kintegra Behavioral Health - Statesville,37097,35.80289888,-80.85833341
HRSA-HCSD-BPS-H80-038732,Surry Medical Ministries,37171,36.48669802,-80.6109604
HRSA-HCSD-BPS-H80-038734,Kintegra at Atrium Women's Center - Waxhaw,37179,34.96212744,-80.76193091
HRSA-HCSD-BPS-H80-038735,Kintegra at Atrium Women's Center - Albemarle,37167,35.36298437,-80.19633623
HRSA-HCSD-BPS-H80-038736,Kintegra at Atrium Women's Center - Monroe,37179,34.97481098,-80.52136498
HRSA-HCSD-BPS-H80-038817,Advance Community Health-Franklin County CarePlex,37069,36.09682058,-78.29406381
HRSA-HCSD-BPS-H80-038862,Wade Family Medical Center Mobile Unit,37051,35.08682564,-78.90731335
HRSA-HCSD-BPS-H80-038863,Piedmont Efland School Based Behavioral Health,37135,36.08373647,-79.18878068
HRSA-HCSD-BPS-H80-038870,Isaac Dickson Elementary School,37021,35.59430805,-82.56410335
HRSA-HCSD-BPS-H80-038871,RCCHC Mobile Health Unit,37091,36.4395442,-77.08853809
HRSA-HCSD-BPS-H80-038888,CRCHC Homeless Clinic at Salvation Army Concord,37025,35.41449427,-80.57363855
HRSA-HCSD-BPS-H80-038897,Advance CarePlex - Wake Forest,37183,35.95027005,-78.52873866
HRSA-HCSD-BPS-H80-038949,Lee Student Health Center,37195,35.720222,-77.9161011
HRSA-HCSD-BPS-H80-039007,GOSHEN MEDICAL CENTER - BRIDGETON,37049,35.1212691,-77.00619118
HRSA-HCSD-BPS-H80-039014,Starlight Pediatrics,37183,35.65472712,-78.82765023
HRSA-HCSD-BPS-H80-039024,Kintegra at Forbush Middle,37197,36.14123658,-80.55610001
HRSA-HCSD-BPS-H80-039025,Kintegra at Starmount High,37197,36.18264477,-80.77270004
HRSA-HCSD-BPS-H80-039026,Kintegra at West Yadkin Elementary,37197,36.12302329,-80.78769786
HRSA-HCSD-BPS-H80-039103,Kintegra at Township Three Elementary,37045,35.21756041,-81.53150426
HRSA-HCSD-BPS-H80-039104,Kintegra at North Asheboro Middle,37151,35.74398445,-79.82291993
HRSA-HCSD-BPS-H80-039105,Kintegra at West Lincoln High,37109,35.48515891,-81.38870814
HRSA-HCSD-BPS-H80-039106,Kintegra at Gamewell Elementary,37027,35.86874024,-81.59725911
HRSA-HCSD-BPS-H80-039107,Kintegra at Whitnel Elementary,37027,35.88997256,-81.52142644
HRSA-HCSD-BPS-H80-039108,Kintegra at South Caldwell High,37027,35.82152091,-81.45097068
HRSA-HCSD-BPS-H80-039109,Kintegra at Kings Mountain Middle,37045,35.23030999,-81.37417996
HRSA-HCSD-BPS-H80-039110,Kintegra at Asheboro High School,37151,35.68928256,-79.81949869
HRSA-HCSD-BPS-H80-039111,Kintegra at Hudson Middle School,37027,35.84791741,-81.47891402
HRSA-HCSD-BPS-H80-039112,Kintegra at West Caldwell High,37027,35.88678744,-81.59178246
HRSA-HCSD-BPS-H80-039177,Kintegra at Chapel Grove Elementary,37071,35.20728788,-81.24879968
HRSA-HCSD-BPS-H80-039178,Kintegra at Cherryville High,37071,35.38956708,-81.37985224
HRSA-HCSD-BPS-H80-039179,Kintegra at Mt. Holly Middle,37071,35.29706867,-81.02366251
HRSA-HCSD-BPS-H80-039180,Kintegra at W.B. Beam Intermediate,37071,35.38188121,-81.37558611
HRSA-HCSD-BPS-H80-039181,Kintegra at East Gaston High,37071,35.31577188,-81.07554406
HRSA-HCSD-BPS-H80-039182,Kintegra at Pinewood Elementary,37071,35.32909822,-80.99919306
HRSA-HCSD-BPS-H80-039183,Kintegra at Cherryville Elementary,37071,35.37872404,-81.37180838
HRSA-HCSD-BPS-H80-039184,Kintegra at Springfield Elementary,37071,35.347949,-81.09623345
HRSA-HCSD-BPS-H80-039185,Kintegra at Kiser Elementary,37071,35.36115542,-81.09267968
HRSA-HCSD-BPS-H80-039186,Kintegra at Chavis Middle,37071,35.3718567,-81.37565719
HRSA-HCSD-BPS-H80-039187,Kintegra at Sadler Elementary,37071,35.25883583,-81.25970236
HRSA-HCSD-BPS-H80-039188,Kintegra at Stanley Middle,37071,35.3669255,-81.10431344
HRSA-HCSD-BPS-H80-039189,Kintegra at Catawba Heights Elementary,37071,35.27443661,-81.03724279
HRSA-HCSD-BPS-H80-039190,Kintegra at Rankin Elementary,37071,35.29785841,-81.02021001
HRSA-HCSD-BPS-H80-039191,Kintegra at Community Public Charter School,37071,35.37309081,-81.09463091
HRSA-HCSD-BPS-H80-039192,Trojan Health Center,37005,36.50898772,-81.12621803
HRSA-HCSD-BPS-H80-039203,Blue Ridge Health - Innovative High School,37089,35.306834,-82.41969003
HRSA-HCSD-BPS-H80-039222,Contentnea Health JH Rose,37147,35.59197839,-77.38570104
HRSA-HCSD-BPS-H80-039242,Blue Ridge Health - Dana Elementary,37089,35.33887228,-82.37409616
HRSA-HCSD-BPS-H80-039243,Blue Ridge Health - Hendersonville Middle,37089,35.32211778,-82.47205488
HRSA-HCSD-BPS-H80-039244,Blue Ridge Health - Blue Ridge School and Early College,37099,35.12919159,-83.12072551
HRSA-HCSD-BPS-H80-039246,Blue Ridge Health - Upward Elementary,37089,35.2950661,-82.39397251
HRSA-HCSD-BPS-H80-039262,Roanoke River Orthopedics,37117,35.84651277,-77.04881929
HRSA-HCSD-BPS-H80-039283,Blowing Rock School,37189,36.13158952,-81.67700035
HRSA-HCSD-BPS-H80-039284,Watauga High School,37189,36.2165059,-81.65100002
HRSA-HCSD-BPS-H80-039285,Avery County High School,37011,36.06783747,-81.91955167
HRSA-HCSD-BPS-H80-039286,Avery County Middle School,37011,36.06744356,-81.9164466
HRSA-HCSD-BPS-H80-039343,North Carolina Farmworkers' Project,37085,35.30830918,-78.61361767
HRSA-HCSD-BPS-H80-039429,Blue Ridge Health - Brevard Academy,37175,35.27014754,-82.68552117
HRSA-HCSD-BPS-H80-039434,Agape Health Services Mobile Unit,37013,35.54652312,-77.05339998
HRSA-HCSD-BPS-H80-039435,Hertford County High School Based Health Center,37091,36.29473743,-76.99859675
HRSA-HCSD-BPS-H80-039467,Contentnea Health Diabetology,37147,35.61716286,-77.40823067
HRSA-HCSD-BPS-H80-039627,Kintegra at South Asheboro Middle,37151,35.69018558,-79.82108195
HRSA-HCSD-BPS-H80-039628,Kintegra at Grover Elementary,37045,35.17419998,-81.44684997
HRSA-HCSD-BPS-H80-039629,Kintegra at CaroMont Women Health - Belmont,37071,35.2587759,-81.03389464
HRSA-HCSD-BPS-H80-039703,Piedmont Health Mobile Unit # 2,37001,36.10072588,-79.41744377
HRSA-HCSD-BPS-H80-039710,Chapel Hill Community Health Center,37135,35.93042032,-79.03048802
HRSA-HCSD-BPS-H80-039720,Advance Axcess,37183,35.82779301,-78.58577206
HRSA-HCSD-BPS-H80-039725,GOSHEN MEDICAL CENTER - BEULAVILLE MOBILE UNIT,37061,34.92943378,-77.7696803
HRSA-HCSD-BPS-H80-039743,Sanford Community Health Center,37105,35.4664166,-79.18530839
HRSA-HCSD-BPS-H80-039841,GOSHEN MEDICAL CENTER - ROCKINGHAM,37153,34.91302719,-79.72925582
HRSA-HCSD-BPS-H80-039953,Kintegra at Lincolnton High School,37109,35.4791731,-81.26063476
HRSA-HCSD-BPS-H80-039954,Kintegra at Lincolnton Middle,37109,35.52024966,-81.26540532
HRSA-HCSD-BPS-H80-040031,Blue Ridge Health - Hendersonville Elementary School,37089,35.322904,-82.47512802
HRSA-HCSD-BPS-H80-040032,Blue Ridge Health - Glenn C Marlow Elementary School,37089,35.40691699,-82.54660001
HRSA-HCSD-BPS-H80-040033,Blue Ridge Health - Atkinson Elementary School,37089,35.28419901,-82.49271501
HRSA-HCSD-BPS-H80-040034,Blue Ridge Health - Etowah Elementary School,37089,35.31485699,-82.58783402
HRSA-HCSD-BPS-H80-040076,Kintegra at Granite Falls Middle,37027,35.79942768,-81.43736585
HRSA-HCSD-BPS-H80-040085,Kintegra at William Lenoir Middle,37027,35.92431251,-81.4965078
HRSA-HCSD-BPS-H80-040086,TAPM Dental-High Point,37081,35.92415493,-79.98641918
HRSA-HCSD-BPS-H80-040148,Agape Health Services - Carolina Avenue,37013,35.55734311,-77.0594
HRSA-HCSD-BPS-H80-040176,Kintegra Pediatrics Behavioral Health Family Dentistry,37045,35.27796057,-81.53264562
HRSA-HCSD-BPS-H80-040238,Advance CarePlex - Holly Springs,37183,35.66848056,-78.79836026
HRSA-HCSD-BPS-H80-040312,Kintegra at Lyle Creek Elementary,37035,35.74875526,-81.19958098
HRSA-HCSD-BPS-H80-040326,"Gateway Community Health Centers, Inc. Elizabeth City Site",37139,36.32086349,-76.21776263
HRSA-HCSD-BPS-H80-040343,Kintegra Family Medicine - X-Ray Drive,37071,35.27558111,-81.13802344
HRSA-HCSD-BPS-H80-040379,Aulander Dental and Primary Care,37015,36.23220295,-77.10218224
HRSA-HCSD-BPS-H80-040462,GOSHEN MEDICAL CENTER - NEW BERN,37049,35.09416379,-77.12897501
HRSA-HCSD-BPS-H80-040484,Iredell Psychiatry,37097,35.79806055,-80.87676346
HRSA-HCSD-BPS-H80-040500,High Country Community Health at Surry Medical Ministries,37171,36.48669802,-80.6109604
HRSA-HCSD-BPS-H80-040571,Resource Center at Salvation Army,37025,35.41480721,-80.57448026
HRSA-HCSD-BPS-H80-040810,KIPP Pride High School-KIPP Halifax,37083,36.36769239,-77.68117913
HRSA-HCSD-BPS-H80-040818,Hardin Park Elementary School,37189,36.22232202,-81.66200001
HRSA-HCSD-BPS-H80-040831,Dental Mobile Unit,37119,35.22417146,-80.89610068
HRSA-HCSD-BPS-H80-040894,Kintegra at Catawba Elementary,37035,35.69723782,-81.07336167
HRSA-HCSD-BPS-H80-040895,Kintegra at Maiden Elementary,37035,35.57839086,-81.21083041
HRSA-HCSD-BPS-H80-040896,Kintegra at Snow Creek Elementary,37035,35.78096235,-81.26768645
HRSA-HCSD-BPS-H80-040925,Kintegra at Balfour Elementary,37151,35.74576066,-79.82175401
HRSA-HCSD-BPS-H80-040949,CRCHC at Winston-Salem Preparatory Academy,37067,36.10982062,-80.22257092
HRSA-HCSD-BPS-H80-040998,Vecinos Health Hub,37113,35.19831258,-83.36059085
HRSA-HCSD-BPS-H80-041008,Iredell Pediatrics,37097,35.79851548,-80.88097939
HRSA-HCSD-BPS-H80-041009,Kintegra at Gardner Park Elementary,37071,35.25070999,-81.13279003
HRSA-HCSD-BPS-H80-041012,CRCHC at Shelter Health Services,37119,35.23984981,-80.83705168
HRSA-HCSD-BPS-H80-041021,Kintegra at Blackburn Elementary,37035,35.6150023,-81.33142773
HRSA-HCSD-BPS-H80-041022,Kintegra at Forbush High School,37197,36.14325851,-80.55679998
HRSA-HCSD-BPS-H80-041023,Kintegra at Banoak Elementary School,37035,35.58225094,-81.41657613
HRSA-HCSD-BPS-H80-041024,Kintegra at Clyde Campbell Elementary,37035,35.77744229,-81.28714772
HRSA-HCSD-BPS-H80-041025,Kintegra at Mountain View Elementary,37035,35.66281511,-81.38534298
HRSA-HCSD-BPS-H80-041026,Kintegra at Startown Elementary,37035,35.63906067,-81.26979718
HRSA-HCSD-BPS-H80-041027,Kintegra at Sherrills Ford Elementary,37035,35.62151831,-80.98772485
HRSA-HCSD-BPS-H80-041028,Kintegra at Tuttle Elementary,37035,35.5892378,-81.15749351
HRSA-HCSD-BPS-H80-041029,GOSHEN MEDICAL CENTER - ROCKINGHAM MOBILE UNIT 2,37153,34.91302719,-79.72925582
HRSA-HCSD-BPS-H80-041031,Blue Ridge Health - Hall Fletcher Academy,37021,35.57483094,-82.57500301
HRSA-HCSD-BPS-H80-041033,Pardee BlueMD 106 Long Shoals,37021,35.48275192,-82.53814476
HRSA-HCSD-BPS-H80-041034,Blue Ridge Health - Scott's Creek Elementary School,37099,35.40909297,-83.1778408
HRSA-HCSD-BPS-H80-041037,Piedmont Central School Based Behavioral Health,37135,36.08004919,-79.11448407
HRSA-HCSD-BPS-H80-041038,Piedmont Gravelly Hill School Based Behavioral Health,37135,36.07163829,-79.19904574
HRSA-HCSD-BPS-H80-041052,Pardee BlueMD North Broad,37175,35.23723386,-82.73198784
HRSA-HCSD-BPS-H80-041082,Kintegra at Guy B. Teachey Elementary,37151,35.67350656,-79.80866776
HRSA-HCSD-BPS-H80-041083,Kintegra at Lindley Park Elementary,37151,35.70203734,-79.80683581
HRSA-HCSD-BPS-H80-041084,Kintegra at Hunter Huss High School,37071,35.24031287,-81.20653016
HRSA-HCSD-BPS-H80-041085,Kintegra at Cramerton Middle,37071,35.22297072,-81.08637306
HRSA-HCSD-BPS-H80-041086,Kintegra at W.A. Bass Elementary,37071,35.18830635,-81.13390499
HRSA-HCSD-BPS-H80-041087,Kintegra at Grier Middle School,37071,35.25350431,-81.15476822
HRSA-HCSD-BPS-H80-041088,Kintegra at Donna Lee Loflin Elementary,37151,35.70176937,-79.81989331
HRSA-HCSD-BPS-H80-041089,Kintegra at Lingerfeldt Elementary,37071,35.24066625,-81.19194657
HRSA-HCSD-BPS-H80-041090,Kintegra at Lowell Elementary,37071,35.27818001,-81.09055002
HRSA-HCSD-BPS-H80-041091,Kintegra at Sherwood Elementary,37071,35.24937681,-81.1547098
HRSA-HCSD-BPS-H80-041092,Kintegra at Charles W McCrary Elementary,37151,35.71249301,-79.81827342
HRSA-HCSD-BPS-H80-041093,Kintegra at Robinson Elementary,37071,35.21313962,-81.16413793
HRSA-HCSD-BPS-H80-041108,Kintegra at Webb Street School,37071,35.26404263,-81.21200463
HRSA-HCSD-BPS-H80-041109,Kintegra at East Rutherford Middle,37161,35.36127052,-81.83070551
HRSA-HCSD-BPS-H80-041110,Kintegra at York Chester Middle School,37071,35.25547569,-81.19243457
HRSA-HCSD-BPS-H80-041111,Kintegra at Ashbrook High School,37071,35.24312781,-81.12731506
HRSA-HCSD-BPS-H80-041112,Kintegra at Forestview High School,37071,35.18346194,-81.13563058
HRSA-HCSD-BPS-H80-041113,Kintegra at Highland School of Technology,37071,35.28040825,-81.19068836
HRSA-HCSD-BPS-H80-041144,Kintegra at Paisley Magnet,37067,36.11269465,-80.26009502
HRSA-HCSD-BPS-H80-041145,Pardee BlueMD Turtle Creek,37021,35.50734141,-82.52488166
HRSA-HCSD-BPS-H80-041227,"Pardee BlueMD 807 N Justice Street, Suite D",37089,35.32101501,-82.46869701
HRSA-HCSD-BPS-H80-041268,Kintegra at Southwest Middle School,37071,35.23118142,-81.20771176
HRSA-HCSD-BPS-H80-041269,Kintegra at Chase Middle,37161,35.27024461,-81.84613458
HRSA-HCSD-BPS-H80-041270,Kintegra at Hudson Elementary,37027,35.8492783,-81.48278336
HRSA-HCSD-BPS-H80-041271,Kintegra at R-S Middle,37161,35.39921477,-81.97462095
HRSA-HCSD-BPS-H80-041294,AppHealthCare Mobile Outreach,37005,36.49243573,-81.14592657
HRSA-HCSD-BPS-H80-041300,Kintegra at Griffith Elementary,37067,36.04083102,-80.2633726
HRSA-HCSD-BPS-H80-041301,Kintegra at East Forsyth High,37067,36.11772517,-80.15026913
HRSA-HCSD-BPS-H80-041302,Kintegra at Speas Elementary,37067,36.13065024,-80.2960849
HRSA-HCSD-BPS-H80-041303,Kintegra at East Forysth Middle,37067,36.13320295,-80.12903206
HRSA-HCSD-BPS-H80-041308,Kintegra at Pumpkin Center Primary,37109,35.51754943,-81.13618998
HRSA-HCSD-BPS-H80-041309,Kintegra at Hawks Nest STEAM Academy,37071,35.2153296,-81.1617936
HRSA-HCSD-BPS-H80-041349,Mobile Medical Unit 2,37027,35.92668668,-81.67573737
HRSA-HCSD-BPS-H80-041350,Kintegra Family Medicine - Collettsville,37027,35.92668668,-81.67573737
HRSA-HCSD-BPS-H80-041361,Kintegra Family Medicine-Happy Valley,37027,35.98917208,-81.55324711
HRSA-HCSD-BPS-H80-041369,Kintegra at Pumpkin Center Intermediate,37109,35.51693919,-81.13511081
HRSA-HCSD-BPS-H80-041385,Kintegra at Turning Point Academy,37119,35.27390159,-80.95057064
HRSA-HCSD-BPS-H80-041386,Kintegra at Sawmills Elementary,37027,35.81882609,-81.47900999
HRSA-HCSD-BPS-H80-041387,Kintegra at Kings Creek Elementary,37027,35.99202345,-81.40071916
HRSA-HCSD-BPS-H80-041388,Kintegra at Elizabeth Lane Elementary,37119,35.11261001,-80.74738996
HRSA-HCSD-BPS-H80-041389,Kintegra at Pinewood Elementary - Clt,37119,35.16601359,-80.86431432
HRSA-HCSD-BPS-H80-041390,Kintegra at Montclaire Elementary,37119,35.15228998,-80.86728998
HRSA-HCSD-BPS-H80-041391,Kintegra at Turning Point Middle,37119,35.2950112,-80.79657346
HRSA-HCSD-BPS-H80-041392,MedNorth Health Center,37129,34.22346086,-77.9430598
HRSA-HCSD-BPS-H80-041418,Pardee BlueMD Neurology 2775 Hendersonville Rd Suite 250,37089,35.4436366,-82.50679586
HRSA-HCSD-BPS-H80-041455,Pardee BlueMD Rheumatology 705B Sixth Avenue West,37089,35.31888492,-82.46871519
HRSA-HCSD-BPS-H80-041458,Kintegra at Heritage Middle,37023,35.75911626,-81.58118137
HRSA-HCSD-BPS-H80-041459,Kintegra at Flat Rock MIddle,37067,36.00991496,-80.30303141
HRSA-HCSD-BPS-H80-041460,Kintegra at Jimmy C Draughn High,37023,35.76637092,-81.54377444
HRSA-HCSD-BPS-H80-041461,Kintegra at Kimmel Farm Elementary,37067,36.00814072,-80.30296737
HRSA-HCSD-BPS-H80-041462,Kintegra at East Burke Middle,37023,35.7153468,-81.46808242
HRSA-HCSD-BPS-H80-041463,Kintegrea at Drexel Elementary,37023,35.74953675,-81.60864207
HRSA-HCSD-BPS-H80-041496,Kintegra at Gamewell Middle,37027,35.87122623,-81.59868764
HRSA-HCSD-BPS-H80-041497,Kintegra at Hibriten High,37027,35.92594698,-81.49476504
HRSA-HCSD-BPS-H80-041498,Kintegra at Valmead Elementary,37027,35.93713187,-81.54056769
HRSA-HCSD-BPS-H80-041499,Kintegra at Collettsville Elementary,37027,35.9269176,-81.67297888
HRSA-HCSD-BPS-H80-041500,Kintegra at Happy Valley Elementary,37027,35.99533879,-81.56037438
HRSA-HCSD-BPS-H80-041501,Kintegra at Dudley Shoals Elementary,37027,35.85607405,-81.39215948
HRSA-HCSD-BPS-H80-041502,Kintegra at Lower Creek Elementary,37027,35.92251937,-81.51162892
HRSA-HCSD-BPS-H80-041503,Kintegra at Davenport Elementary,37027,35.91171023,-81.5396399
HRSA-HCSD-BPS-H80-041504,Kintegra at Rama Road Elementary,37119,35.16954258,-80.77203024
HRSA-HCSD-BPS-H80-041516,Appalachian Mountain Health Mobile Medical RV,37021,35.61376266,-82.63823676
HRSA-HCSD-BPS-H80-041517,CRCHC at Charlotte Rescue Mission,37119,35.22950039,-80.8564707
HRSA-HCSD-BPS-H80-041547,Blue Ridge Health - Polk County High School,37149,35.26535565,-82.18559848
HRSA-HCSD-BPS-H80-041548,Blue Ridge Health - Rugby Middle School,37089,35.35865399,-82.51459497
HRSA-HCSD-BPS-H80-041549,Blue Ridge Health - Flat Rock Middle School,37089,35.27048299,-82.43006004
HRSA-HCSD-BPS-H80-041550,Blue Ridge Health - West Henderson High School,37089,35.36586201,-82.51490099
HRSA-HCSD-BPS-H80-041585,North Cove Elementary School,37111,35.78954001,-82.03417998
HRSA-HCSD-BPS-H80-041587,CRCHC at Ashley Academy,37067,36.11753755,-80.22181697
HRSA-HCSD-BPS-H80-041588,CRCHC at North Forsyth Magnet High School,37067,36.17433814,-80.28184279
HRSA-HCSD-BPS-H80-041590,CRCHC at Moore Magnet Elementary School,37067,36.08765702,-80.2862728
HRSA-HCSD-BPS-H80-041591,CRCHC at Petree Elementary School,37067,36.11307913,-80.19117097
HRSA-HCSD-BPS-H80-041592,CRCHC at Mineral Springs Schools,37067,36.15681116,-80.23629804
HRSA-HCSD-BPS-H80-041594,United Health Centers @ Kernersville Road,37067,36.077391,-80.1780983
HRSA-HCSD-BPS-H80-041621,Blue Ridge Health - TC Henderson Elementary School,37175,35.13026179,-82.88757004
HRSA-HCSD-BPS-H80-041658,Blue Ridge Health-Brevard Pharmacy,37175,35.23552215,-82.73378417
HRSA-HCSD-BPS-LAL-009754,Mars Hill Medical Center,37115,35.82799711,-82.54645508
HRSA-HCSD-BPS-LAL-009755,Hot Springs Medical Center,37115,35.89287941,-82.82951237
HRSA-HCSD-BPS-LAL-009756,Mashburn Medical Center,37115,35.80596146,-82.65212255
HRSA-HCSD-BPS-LAL-009757,Laurel Medical Center,37115,35.93369655,-82.74245239
HRSA-HCSD-BPS-LAL-021687,Black River Family Practice,37141,34.54960063,-77.92099175
HRSA-HCSD-BPS-LAL-021689,Maple Hill Medical Center,37141,34.67237431,-77.70987139
HRSA-HCSD-BPS-LAL-021691,Black River Health Center,37141,34.52732585,-78.17100398
HRSA-HCSD-BPS-LAL-034891,MAHEC OBGYN Specialists,37021,35.56068208,-82.54290996
HRSA-HCSD-BPS-LAL-034893,MAHEC Family Health Center at Givens,37021,35.50413348,-82.51070853
HRSA-HCSD-BPS-LAL-034895,MAHEC Health Center at Enka/Candler,37021,35.54748427,-82.65784362
HRSA-HCSD-BPS-LAL-034896,MAHEC  Health Center at Cane Creek,37021,35.48295703,-82.43862651
HRSA-HCSD-BPS-LAL-034897,MAHEC Health Center at Deerfield,37021,35.51167125,-82.53451322
HRSA-HCSD-BPS-LAL-034898,MAHEC Health Center at Newbridge,37021,35.63642812,-82.57569921
HRSA-HCSD-BPS-LAL-034899,MAHEC Center for Psychiatry and Mental Wellness,37021,35.561265,-82.5440183
HRSA-HCSD-BPS-LAL-034900,MAHEC Health Center at Biltmore (FM/IM/Dental),37021,35.56155476,-82.54356048
HRSA-HCSD-BPS-LAL-035195,NeighborHealth Center Susanne Berger Clinic,37183,35.8165955,-78.70566379
HRSA-HCSD-BPS-LAL-036353,AMG1 Harris Blvd,37119,35.2346693,-80.73392971
HRSA-HCSD-BPS-LAL-036354,AMG3 Monroe Rd,37119,35.13803241,-80.73797456
HRSA-HCSD-BPS-LAL-036355,AMG4 Dallas,37071,35.31626649,-81.16209627
HRSA-HCSD-BPS-LAL-036804,MAHEC at A.C. Reynolds Middle School,37021,35.54678312,-82.47629428
HRSA-HCSD-BPS-LAL-036805,MAHEC at Charles C. Bell Elementary School,37021,35.59049785,-82.49335154
HRSA-HCSD-BPS-LAL-036806,MAHEC at East McDowell Middle,37111,35.68710666,-81.99613469
HRSA-HCSD-BPS-LAL-036809,MAHEC at Weaverville Elementary School,37021,35.68957743,-82.5627982
HRSA-HCSD-BPS-LAL-036810,MAHEC at West Marion Elementary,37111,35.62183313,-82.06014553
HRSA-HCSD-BPS-LAL-036811,MAHEC at Nebo Elementary,37111,35.71496999,-81.92922003
HRSA-HCSD-BPS-LAL-036812,MAHEC at West McDowell Middle,37111,35.69879339,-82.03832823
HRSA-HCSD-BPS-LAL-037041,MAHEC at Eastfield Global Magnet,37111,35.68621001,-81.98635997
HRSA-HCSD-BPS-LAL-037042,MAHEC at McDowell Academy & Early College,37111,35.65624998,-81.96208003
HRSA-HCSD-BPS-LAL-037043,MAHEC at McDowell High School,37111,35.69652012,-82.03627538
HRSA-HCSD-BPS-LAL-037045,MAHEC at Estes Elementary,37021,35.48788998,-82.53987646
HRSA-HCSD-BPS-LAL-037046,MAHEC at Fairview Elementary,37021,35.52407831,-82.41090504
HRSA-HCSD-BPS-LAL-037048,MAHEC at Old Fort Elementary,37111,35.62574941,-82.17933602
HRSA-HCSD-BPS-LAL-037090,MAEHC at Asheville High,37021,35.57236398,-82.55197096
HRSA-HCSD-BPS-LAL-037091,MAHEC at Koontz Intermediate,37021,35.48406624,-82.53863292
HRSA-HCSD-BPS-LAL-037094,MAHEC at Nesbitt Discovery Academy,37021,35.60635209,-82.58327335
HRSA-HCSD-BPS-LAL-037277,MAHEC at A.C. Reynolds High School,37021,35.55119231,-82.47484022
HRSA-HCSD-BPS-LAL-037781,MAHEC at Haw Creek Elementary,37021,35.59571009,-82.50354862
HRSA-HCSD-BPS-LAL-037785,MAHEC at Cane Creek Middle,37021,35.48535257,-82.43364682
HRSA-HCSD-BPS-LAL-037788,MAHEC at Evergreen Community Charter,37021,35.60240757,-82.49829124
HRSA-HCSD-BPS-LAL-037790,MAHEC at Barnardsville Elementary,37021,35.77549328,-82.45983507
HRSA-HCSD-BPS-LAL-037796,MAHEC at Asheville Middle,37021,35.58554423,-82.56177754
HRSA-HCSD-BPS-LAL-037801,MAHEC at Hall Fletcher Elementary,37021,35.57483094,-82.57500301
HRSA-HCSD-BPS-LAL-037802,MAHEC at William Randolph,37021,35.59818636,-82.56098117
HRSA-HCSD-BPS-LAL-038106,MAHEC Women's Care at Brevard,37175,35.25708358,-82.71127993
HRSA-HCSD-BPS-LAL-038107,MAHEC OB/GYN Specialists Franklin,37113,35.18326002,-83.377976
HRSA-HCSD-BPS-LAL-038108,MAHEC Dental Health Center at Columbus,37149,35.23780597,-82.2141728
HRSA-HCSD-BPS-LAL-038210,MAHEC at Madison High School,37115,35.81370263,-82.67385712
HRSA-HCSD-BPS-LAL-038212,MAHEC at North Buncombe Elementary School,37021,35.74412975,-82.56929703
HRSA-HCSD-BPS-LAL-038214,AMG - Randolph Rd,37119,35.20548921,-80.81987523
HRSA-HCSD-BPS-LAL-038217,AMG - N Tryon Rd,37119,35.29693389,-80.7549387
HRSA-HCSD-BPS-LAL-038218,MAHEC at Weaverville Primary School,37021,35.69487832,-82.56035203
HRSA-HCSD-BPS-LAL-038219,MAHEC at Valley Springs Middle,37021,35.48287337,-82.54014334
HRSA-HCSD-BPS-LAL-038220,MAHEC at Oakley Elementary School,37021,35.56462778,-82.51256235
HRSA-HCSD-BPS-LAL-038221,MAHEC at T.C. Roberson High,37021,35.48591026,-82.53433938
HRSA-HCSD-BPS-LAL-038222,MAHEC at North Buncombe Middle School,37021,35.71698789,-82.55941719
HRSA-HCSD-BPS-LAL-038224,MAHEC at North Buncombe High School,37021,35.739808,-82.55761969
HRSA-HCSD-BPS-LAL-038228,MAHEC at North Windy Ridge Intermediate School,37021,35.72533962,-82.5527369
HRSA-HCSD-BPS-LAL-038410,MAHEC at Glenwood Elementary School,37111,35.61349771,-81.98192552
HRSA-HCSD-BPS-LAL-038411,MAHEC at Avery's Creek Elementary School,37021,35.47677022,-82.5779852
HRSA-HCSD-BPS-LAL-038412,MAHEC at Ira B. Jones Elementary,37021,35.62985931,-82.54880964
HRSA-HCSD-BPS-LAL-038413,MAHEC at Madison Early College High School,37115,35.81394464,-82.67570914
HRSA-HCSD-BPS-LAL-038415,MAHEC at Madison Middle School,37115,35.84074829,-82.71588629
HRSA-HCSD-BPS-LAL-038416,MAHEC at Glen Arden Elementary,37021,35.4701978,-82.49685408
HRSA-HCSD-BPS-LAL-038417,MAHEC at Foothills Community School,37111,35.65881554,-82.02846506
HRSA-HCSD-BPS-LAL-038418,MAHEC at Lucy S. Herring Elementary School,37021,35.57790534,-82.60103854
HRSA-HCSD-BPS-LAL-038419,MAHEC at Isaac Dickson Elementary School,37021,35.59430805,-82.56410335
HRSA-HCSD-BPS-LAL-039562,Temporary Site - Mountain Area Health Education Center,37021,35.48529273,-82.55424883
HRSA-HCSD-BPS-LAL-039736,MAHEC Health Center at Cullowhee,37099,35.30644357,-83.20206282
HRSA-HCSD-BPS-LAL-039993,AMG Charlotte Park Drive,37119,35.1814274,-80.8901196
HRSA-HCSD-BPS-LAL-040801,MAHEC at Candler Elementary School,37021,35.53902031,-82.70083641
HRSA-HCSD-BPS-LAL-040802,MAHEC at Buncombe County Early College,37021,35.57006331,-82.55345079
HRSA-HCSD-BPS-LAL-041160,MAHEC at Emma Elementary School,37021,35.59831984,-82.59250618
HRSA-HCSD-BPS-LAL-041162,MAHEC at Clyde A Erwin High School,37021,35.61950678,-82.62615282
HRSA-HCSD-BPS-LAL-041164,MAHEC at Enka High School,37021,35.52994346,-82.66582604
HRSA-HCSD-BPS-LAL-041169,MAHEC at Clyde A Erwin Middle School,37021,35.61788081,-82.62999056
HRSA-HCSD-BPS-LAL-041485,BDIHS Durham- Address Typo,37063,35.90920728,-78.929649
HRSA-HCSD-BPS-LAL-041486,BDIHS Wake Forest,37183,35.9662975,-78.52157548
